Runs, Total configs., Total Defective configs., Real Prob. Defect. configs., Percentage, Simulations, Median defect. configs., Mean defect. configs., Std defect. configs., Prob. defect. configs., Error
30, 26256, 9376, 0.3571, 0.0, 1, 0.0, 0.2, 0.4068, 0.0, 0.3571
30, 26256, 9376, 0.3571, 0.0004, 10, 3.0, 3.5333, 1.5698, 0.3, 0.0571
30, 26256, 9376, 0.3571, 0.0008, 20, 8.0, 7.7333, 2.6773, 0.4, 0.0429
30, 26256, 9376, 0.3571, 0.0011, 30, 12.0, 11.1, 3.3151, 0.4, 0.0429
30, 26256, 9376, 0.3571, 0.0015, 40, 14.5, 15.2, 3.5076, 0.3625, 0.0054
30, 26256, 9376, 0.3571, 0.0019, 50, 18.5, 18.5, 2.6228, 0.37, 0.0129
30, 26256, 9376, 0.3571, 0.0023, 60, 21.0, 21.6333, 4.0555, 0.35, 0.0071
30, 26256, 9376, 0.3571, 0.0027, 70, 27.0, 26.4, 4.2475, 0.3857, 0.0286
30, 26256, 9376, 0.3571, 0.003, 80, 27.0, 27.4, 4.2475, 0.3375, 0.0196
30, 26256, 9376, 0.3571, 0.0034, 90, 33.0, 33.6, 3.9619, 0.3667, 0.0096
30, 26256, 9376, 0.3571, 0.0038, 100, 33.5, 34.5333, 5.9985, 0.335, 0.0221
30, 26256, 9376, 0.3571, 0.0042, 110, 40.0, 40.8667, 4.7687, 0.3636, 0.0065
30, 26256, 9376, 0.3571, 0.0046, 120, 42.0, 42.7, 5.1805, 0.35, 0.0071
30, 26256, 9376, 0.3571, 0.005, 130, 45.0, 45.9667, 5.9509, 0.3462, 0.0109
30, 26256, 9376, 0.3571, 0.0053, 140, 49.0, 49.1, 5.4161, 0.35, 0.0071
30, 26256, 9376, 0.3571, 0.0057, 150, 53.5, 54.1667, 6.4438, 0.3567, 0.0004
30, 26256, 9376, 0.3571, 0.0061, 160, 56.5, 56.5, 7.366, 0.3531, 0.004
30, 26256, 9376, 0.3571, 0.0065, 170, 60.5, 59.7333, 6.0965, 0.3559, 0.0012
30, 26256, 9376, 0.3571, 0.0069, 180, 65.5, 65.1333, 7.3143, 0.3639, 0.0068
30, 26256, 9376, 0.3571, 0.0072, 190, 71.0, 70.3333, 6.7637, 0.3737, 0.0166
30, 26256, 9376, 0.3571, 0.0076, 200, 69.0, 69.6667, 5.95, 0.345, 0.0121
30, 26256, 9376, 0.3571, 0.008, 210, 74.5, 74.6333, 5.7083, 0.3548, 0.0023
30, 26256, 9376, 0.3571, 0.0084, 220, 79.0, 78.9667, 6.8757, 0.3591, 0.002
30, 26256, 9376, 0.3571, 0.0088, 230, 81.5, 81.2667, 7.2156, 0.3543, 0.0028
30, 26256, 9376, 0.3571, 0.0091, 240, 86.5, 85.8667, 7.1522, 0.3604, 0.0033
30, 26256, 9376, 0.3571, 0.0095, 250, 90.0, 89.5333, 7.3096, 0.36, 0.0029
30, 26256, 9376, 0.3571, 0.0099, 260, 95.0, 95, 7.5749, 0.3654, 0.0083
30, 26256, 9376, 0.3571, 0.0103, 270, 96.0, 96.9, 6.4399, 0.3556, 0.0015
30, 26256, 9376, 0.3571, 0.0107, 280, 99.5, 99.9667, 7.2563, 0.3554, 0.0017
30, 26256, 9376, 0.3571, 0.011, 290, 103.0, 104.2, 6.7844, 0.3552, 0.0019
30, 26256, 9376, 0.3571, 0.0114, 300, 104.5, 103.8333, 5.3245, 0.3483, 0.0088
30, 26256, 9376, 0.3571, 0.0118, 310, 110.0, 109, 7.6384, 0.3548, 0.0023
30, 26256, 9376, 0.3571, 0.0122, 320, 114.0, 114.7, 7.6661, 0.3563, 0.0008
30, 26256, 9376, 0.3571, 0.0126, 330, 115.5, 114.2667, 7.6651, 0.35, 0.0071
30, 26256, 9376, 0.3571, 0.0129, 340, 121.5, 120.6333, 9.8418, 0.3574, 0.0003
30, 26256, 9376, 0.3571, 0.0133, 350, 122.5, 124.6667, 9.9666, 0.35, 0.0071
30, 26256, 9376, 0.3571, 0.0137, 360, 130.0, 128.2, 8.2521, 0.3611, 0.004
30, 26256, 9376, 0.3571, 0.0141, 370, 133.0, 131.8667, 9.2503, 0.3595, 0.0024
30, 26256, 9376, 0.3571, 0.0145, 380, 137.0, 135.9333, 10.5141, 0.3605, 0.0034
30, 26256, 9376, 0.3571, 0.0149, 390, 141.0, 140.5333, 11.2242, 0.3615, 0.0044
30, 26256, 9376, 0.3571, 0.0152, 400, 143.5, 143.5667, 8.2072, 0.3588, 0.0017
30, 26256, 9376, 0.3571, 0.0156, 410, 144.5, 143.3333, 9.8413, 0.3524, 0.0047
30, 26256, 9376, 0.3571, 0.016, 420, 151.0, 150.1333, 10.7823, 0.3595, 0.0024
30, 26256, 9376, 0.3571, 0.0164, 430, 149.0, 151.2333, 11.3947, 0.3465, 0.0106
30, 26256, 9376, 0.3571, 0.0168, 440, 157.0, 157.1667, 8.5423, 0.3568, 0.0003
30, 26256, 9376, 0.3571, 0.0171, 450, 164.5, 163.8667, 8.9085, 0.3656, 0.0085
30, 26256, 9376, 0.3571, 0.0175, 460, 165.0, 166.3333, 9.6466, 0.3587, 0.0016
30, 26256, 9376, 0.3571, 0.0179, 470, 167.5, 167.3, 12.7608, 0.3564, 0.0007
30, 26256, 9376, 0.3571, 0.0183, 480, 170.5, 169.8, 11.3241, 0.3552, 0.0019
30, 26256, 9376, 0.3571, 0.0187, 490, 176.0, 175.1, 11.9722, 0.3592, 0.0021
30, 26256, 9376, 0.3571, 0.019, 500, 181.0, 180.5333, 10.3315, 0.362, 0.0049
30, 26256, 9376, 0.3571, 0.0194, 510, 185.0, 184.5333, 7.1474, 0.3627, 0.0056
30, 26256, 9376, 0.3571, 0.0198, 520, 182.5, 184, 12.1172, 0.351, 0.0061
30, 26256, 9376, 0.3571, 0.0202, 530, 188.0, 187.9333, 8.7136, 0.3547, 0.0024
30, 26256, 9376, 0.3571, 0.0206, 540, 194.0, 195.1333, 11.0445, 0.3593, 0.0022
30, 26256, 9376, 0.3571, 0.0209, 550, 195.0, 195.7667, 12.0593, 0.3545, 0.0026
30, 26256, 9376, 0.3571, 0.0213, 560, 202.0, 202.8333, 10.531, 0.3607, 0.0036
30, 26256, 9376, 0.3571, 0.0217, 570, 206.0, 204.2, 11.6097, 0.3614, 0.0043
30, 26256, 9376, 0.3571, 0.0221, 580, 210.0, 210.8333, 10.8662, 0.3621, 0.005
30, 26256, 9376, 0.3571, 0.0225, 590, 212.5, 212.7667, 12.0964, 0.3602, 0.0031
30, 26256, 9376, 0.3571, 0.0229, 600, 213.5, 214.7, 11.1081, 0.3558, 0.0013
30, 26256, 9376, 0.3571, 0.0232, 610, 215.5, 215.7667, 12.6482, 0.3533, 0.0038
30, 26256, 9376, 0.3571, 0.0236, 620, 221.5, 222.3, 10.9234, 0.3573, 0.0002
30, 26256, 9376, 0.3571, 0.024, 630, 222.0, 221.5333, 12.9421, 0.3524, 0.0047
30, 26256, 9376, 0.3571, 0.0244, 640, 225.5, 226.7333, 13.9826, 0.3523, 0.0048
30, 26256, 9376, 0.3571, 0.0248, 650, 231.0, 230.8, 13.9541, 0.3554, 0.0017
30, 26256, 9376, 0.3571, 0.0251, 660, 237.0, 238.1, 11.6984, 0.3591, 0.002
30, 26256, 9376, 0.3571, 0.0255, 670, 239.5, 237.7667, 11.7845, 0.3575, 0.0004
30, 26256, 9376, 0.3571, 0.0259, 680, 245.0, 243.1, 11.0277, 0.3603, 0.0032
30, 26256, 9376, 0.3571, 0.0263, 690, 243.5, 245.7667, 12.3726, 0.3529, 0.0042
30, 26256, 9376, 0.3571, 0.0267, 700, 253.0, 252.3, 11.2346, 0.3614, 0.0043
30, 26256, 9376, 0.3571, 0.027, 710, 255.5, 253.5, 14.161, 0.3599, 0.0028
30, 26256, 9376, 0.3571, 0.0274, 720, 264.0, 263.4, 11.8891, 0.3667, 0.0096
30, 26256, 9376, 0.3571, 0.0278, 730, 257.0, 256.1, 13.4045, 0.3521, 0.005
30, 26256, 9376, 0.3571, 0.0282, 740, 265.5, 264.8, 10.1281, 0.3588, 0.0017
30, 26256, 9376, 0.3571, 0.0286, 750, 269.0, 268.1, 11.3907, 0.3587, 0.0016
30, 26256, 9376, 0.3571, 0.0289, 760, 269.5, 267.7333, 10.402, 0.3546, 0.0025
30, 26256, 9376, 0.3571, 0.0293, 770, 277.5, 277.5, 14.3473, 0.3604, 0.0033
30, 26256, 9376, 0.3571, 0.0297, 780, 278.5, 276.7667, 13.449, 0.3571, 0.0
30, 26256, 9376, 0.3571, 0.0301, 790, 278.5, 280.2667, 11.4348, 0.3525, 0.0046
30, 26256, 9376, 0.3571, 0.0305, 800, 283.5, 283.3667, 14.0037, 0.3544, 0.0027
30, 26256, 9376, 0.3571, 0.0309, 810, 292.5, 292, 13.6078, 0.3611, 0.004
30, 26256, 9376, 0.3571, 0.0312, 820, 291.0, 292.3333, 12.5488, 0.3549, 0.0022
30, 26256, 9376, 0.3571, 0.0316, 830, 298.0, 299.8333, 12.9404, 0.359, 0.0019
30, 26256, 9376, 0.3571, 0.032, 840, 296.0, 298.6, 12.6398, 0.3524, 0.0047
30, 26256, 9376, 0.3571, 0.0324, 850, 303.5, 301.6667, 12.7261, 0.3571, 0.0
30, 26256, 9376, 0.3571, 0.0328, 860, 308.0, 308.6667, 14.0794, 0.3581, 0.001
30, 26256, 9376, 0.3571, 0.0331, 870, 306.5, 306.4, 12.9498, 0.3523, 0.0048
30, 26256, 9376, 0.3571, 0.0335, 880, 317.5, 317.2, 15.8275, 0.3608, 0.0037
30, 26256, 9376, 0.3571, 0.0339, 890, 319.5, 321.3333, 17.9335, 0.359, 0.0019
30, 26256, 9376, 0.3571, 0.0343, 900, 314.0, 315.0333, 12.1867, 0.3489, 0.0082
30, 26256, 9376, 0.3571, 0.0347, 910, 325.5, 324.8333, 14.0371, 0.3577, 0.0006
30, 26256, 9376, 0.3571, 0.035, 920, 330.0, 328.0667, 13.4162, 0.3587, 0.0016
30, 26256, 9376, 0.3571, 0.0354, 930, 336.5, 335.3333, 17.9872, 0.3618, 0.0047
30, 26256, 9376, 0.3571, 0.0358, 940, 334.0, 333.3, 16.2442, 0.3553, 0.0018
30, 26256, 9376, 0.3571, 0.0362, 950, 342.0, 339.9667, 14.3009, 0.36, 0.0029
30, 26256, 9376, 0.3571, 0.0366, 960, 340.0, 341.8333, 14.7953, 0.3542, 0.0029
30, 26256, 9376, 0.3571, 0.0369, 970, 348.5, 349.1333, 13.3358, 0.3593, 0.0022
30, 26256, 9376, 0.3571, 0.0373, 980, 356.0, 352.7, 17.3903, 0.3633, 0.0062
30, 26256, 9376, 0.3571, 0.0377, 990, 354.0, 352.5, 14.9637, 0.3576, 0.0005
30, 26256, 9376, 0.3571, 0.0381, 1000, 360.0, 357.9667, 11.0687, 0.36, 0.0029
30, 26256, 9376, 0.3571, 0.0385, 1010, 359.5, 355.7667, 13.5206, 0.3559, 0.0012
30, 26256, 9376, 0.3571, 0.0388, 1020, 362.0, 359.3, 14.8954, 0.3549, 0.0022
30, 26256, 9376, 0.3571, 0.0392, 1030, 367.5, 366.7, 16.2675, 0.3568, 0.0003
30, 26256, 9376, 0.3571, 0.0396, 1040, 370.0, 370.2, 17.3571, 0.3558, 0.0013
30, 26256, 9376, 0.3571, 0.04, 1050, 374.0, 373.9, 16.8305, 0.3562, 0.0009
30, 26256, 9376, 0.3571, 0.0404, 1060, 379.0, 377.9667, 15.2191, 0.3575, 0.0004
30, 26256, 9376, 0.3571, 0.0408, 1070, 394.0, 388.9, 15.8666, 0.3682, 0.0111
30, 26256, 9376, 0.3571, 0.0411, 1080, 391.0, 387.2, 15.1598, 0.362, 0.0049
30, 26256, 9376, 0.3571, 0.0415, 1090, 393.5, 390.1333, 17.3875, 0.361, 0.0039
30, 26256, 9376, 0.3571, 0.0419, 1100, 391.0, 392.5333, 15.9519, 0.3555, 0.0016
30, 26256, 9376, 0.3571, 0.0423, 1110, 398.0, 395.7333, 17.2045, 0.3586, 0.0015
30, 26256, 9376, 0.3571, 0.0427, 1120, 398.0, 396.6667, 18.4752, 0.3554, 0.0017
30, 26256, 9376, 0.3571, 0.043, 1130, 402.5, 404.7667, 17.1498, 0.3562, 0.0009
30, 26256, 9376, 0.3571, 0.0434, 1140, 403.0, 401.8667, 16.1132, 0.3535, 0.0036
30, 26256, 9376, 0.3571, 0.0438, 1150, 408.5, 407.7333, 19.3977, 0.3552, 0.0019
30, 26256, 9376, 0.3571, 0.0442, 1160, 418.5, 417.4, 13.9546, 0.3608, 0.0037
30, 26256, 9376, 0.3571, 0.0446, 1170, 411.5, 415.2333, 15.5778, 0.3517, 0.0054
30, 26256, 9376, 0.3571, 0.0449, 1180, 419.5, 421.7, 14.3603, 0.3555, 0.0016
30, 26256, 9376, 0.3571, 0.0453, 1190, 425.0, 425.9333, 12.9799, 0.3571, 0.0
30, 26256, 9376, 0.3571, 0.0457, 1200, 427.5, 423.2667, 16.1436, 0.3563, 0.0008
30, 26256, 9376, 0.3571, 0.0461, 1210, 429.0, 428.4333, 15.3256, 0.3545, 0.0026
30, 26256, 9376, 0.3571, 0.0465, 1220, 435.5, 433.9667, 19.7335, 0.357, 0.0001
30, 26256, 9376, 0.3571, 0.0468, 1230, 432.5, 437.5333, 18.5449, 0.3516, 0.0055
30, 26256, 9376, 0.3571, 0.0472, 1240, 443.0, 444.0333, 13.145, 0.3573, 0.0002
30, 26256, 9376, 0.3571, 0.0476, 1250, 446.0, 444.1, 15.5394, 0.3568, 0.0003
30, 26256, 9376, 0.3571, 0.048, 1260, 450.0, 454.2, 17.7946, 0.3571, 0.0
30, 26256, 9376, 0.3571, 0.0484, 1270, 446.0, 448.2667, 13.985, 0.3512, 0.0059
30, 26256, 9376, 0.3571, 0.0488, 1280, 454.5, 453.2667, 18.0133, 0.3551, 0.002
30, 26256, 9376, 0.3571, 0.0491, 1290, 459.5, 461.9, 17.5703, 0.3562, 0.0009
30, 26256, 9376, 0.3571, 0.0495, 1300, 459.0, 460.7333, 15.436, 0.3531, 0.004
30, 26256, 9376, 0.3571, 0.0499, 1310, 469.0, 467.2667, 15.6842, 0.358, 0.0009
30, 26256, 9376, 0.3571, 0.0503, 1320, 470.0, 471.4, 18.6485, 0.3561, 0.001
30, 26256, 9376, 0.3571, 0.0507, 1330, 475.0, 475.3667, 14.5827, 0.3571, 0.0
30, 26256, 9376, 0.3571, 0.051, 1340, 487.0, 483.3333, 18.3516, 0.3634, 0.0063
30, 26256, 9376, 0.3571, 0.0514, 1350, 482.5, 483.3, 13.3395, 0.3574, 0.0003
30, 26256, 9376, 0.3571, 0.0518, 1360, 485.0, 482.6333, 15.8647, 0.3566, 0.0005
30, 26256, 9376, 0.3571, 0.0522, 1370, 488.5, 489.2333, 20.0374, 0.3566, 0.0005
30, 26256, 9376, 0.3571, 0.0526, 1380, 496.0, 494.1, 15.3563, 0.3594, 0.0023
30, 26256, 9376, 0.3571, 0.0529, 1390, 495.5, 496.2, 13.3969, 0.3565, 0.0006
30, 26256, 9376, 0.3571, 0.0533, 1400, 501.0, 498.9, 21.9676, 0.3579, 0.0008
30, 26256, 9376, 0.3571, 0.0537, 1410, 505.5, 504.2, 21.2301, 0.3585, 0.0014
30, 26256, 9376, 0.3571, 0.0541, 1420, 505.5, 508.1, 17.0301, 0.356, 0.0011
30, 26256, 9376, 0.3571, 0.0545, 1430, 514.5, 514.1667, 19.5978, 0.3598, 0.0027
30, 26256, 9376, 0.3571, 0.0548, 1440, 517.0, 517.1, 20.9373, 0.359, 0.0019
30, 26256, 9376, 0.3571, 0.0552, 1450, 523.5, 522.6667, 16.5119, 0.361, 0.0039
30, 26256, 9376, 0.3571, 0.0556, 1460, 516.5, 517.9667, 21.442, 0.3538, 0.0033
30, 26256, 9376, 0.3571, 0.056, 1470, 529.5, 526.8333, 20.9648, 0.3602, 0.0031
30, 26256, 9376, 0.3571, 0.0564, 1480, 528.5, 527.7, 15.5545, 0.3571, 0.0
30, 26256, 9376, 0.3571, 0.0567, 1490, 527.5, 528.8667, 12.6129, 0.354, 0.0031
30, 26256, 9376, 0.3571, 0.0571, 1500, 529.5, 530.7, 20.4689, 0.353, 0.0041
30, 26256, 9376, 0.3571, 0.0575, 1510, 531.0, 534.9667, 19.3132, 0.3517, 0.0054
30, 26256, 9376, 0.3571, 0.0579, 1520, 539.5, 543.5667, 15.5224, 0.3549, 0.0022
30, 26256, 9376, 0.3571, 0.0583, 1530, 538.0, 540.9333, 16.7537, 0.3516, 0.0055
30, 26256, 9376, 0.3571, 0.0587, 1540, 554.0, 553.9333, 16.8214, 0.3597, 0.0026
30, 26256, 9376, 0.3571, 0.059, 1550, 553.5, 554.3667, 16.9817, 0.3571, 0.0
30, 26256, 9376, 0.3571, 0.0594, 1560, 559.0, 561.3667, 17.5293, 0.3583, 0.0012
30, 26256, 9376, 0.3571, 0.0598, 1570, 559.0, 559.7333, 19.2388, 0.3561, 0.001
30, 26256, 9376, 0.3571, 0.0602, 1580, 567.0, 565.3667, 18.6224, 0.3589, 0.0018
30, 26256, 9376, 0.3571, 0.0606, 1590, 568.5, 565.4333, 17.5277, 0.3575, 0.0004
30, 26256, 9376, 0.3571, 0.0609, 1600, 566.5, 569.9667, 19.7597, 0.3541, 0.003
30, 26256, 9376, 0.3571, 0.0613, 1610, 580.5, 580.6333, 18.4718, 0.3606, 0.0035
30, 26256, 9376, 0.3571, 0.0617, 1620, 583.0, 581.9333, 13.6228, 0.3599, 0.0028
30, 26256, 9376, 0.3571, 0.0621, 1630, 585.0, 582.0333, 15.1008, 0.3589, 0.0018
30, 26256, 9376, 0.3571, 0.0625, 1640, 578.5, 584.0333, 14.9147, 0.3527, 0.0044
30, 26256, 9376, 0.3571, 0.0628, 1650, 590.5, 591.5333, 14.6681, 0.3579, 0.0008
30, 26256, 9376, 0.3571, 0.0632, 1660, 591.5, 588.1333, 17.3001, 0.3563, 0.0008
30, 26256, 9376, 0.3571, 0.0636, 1670, 596.0, 594.1667, 16.0518, 0.3569, 0.0002
30, 26256, 9376, 0.3571, 0.064, 1680, 600.0, 602.6667, 16.9976, 0.3571, 0.0
30, 26256, 9376, 0.3571, 0.0644, 1690, 603.5, 602.8333, 15.9376, 0.3571, 0.0
30, 26256, 9376, 0.3571, 0.0647, 1700, 602.5, 604.2, 22.369, 0.3544, 0.0027
30, 26256, 9376, 0.3571, 0.0651, 1710, 611.0, 610.2667, 21.8726, 0.3573, 0.0002
30, 26256, 9376, 0.3571, 0.0655, 1720, 614.0, 614.5, 14.3377, 0.357, 0.0001
30, 26256, 9376, 0.3571, 0.0659, 1730, 605.0, 611.8, 21.8133, 0.3497, 0.0074
30, 26256, 9376, 0.3571, 0.0663, 1740, 625.5, 625.6333, 22.587, 0.3595, 0.0024
30, 26256, 9376, 0.3571, 0.0667, 1750, 627.5, 625.6667, 15.8535, 0.3586, 0.0015
30, 26256, 9376, 0.3571, 0.067, 1760, 634.5, 633.5, 19.8247, 0.3605, 0.0034
30, 26256, 9376, 0.3571, 0.0674, 1770, 629.0, 631.9667, 15.5951, 0.3554, 0.0017
30, 26256, 9376, 0.3571, 0.0678, 1780, 635.5, 637.2667, 24.3607, 0.357, 0.0001
30, 26256, 9376, 0.3571, 0.0682, 1790, 638.5, 639.7333, 15.704, 0.3567, 0.0004
30, 26256, 9376, 0.3571, 0.0686, 1800, 636.5, 636.9333, 15.7741, 0.3536, 0.0035
30, 26256, 9376, 0.3571, 0.0689, 1810, 652.0, 647.9667, 17.5587, 0.3602, 0.0031
30, 26256, 9376, 0.3571, 0.0693, 1820, 646.5, 647.2667, 21.0777, 0.3552, 0.0019
30, 26256, 9376, 0.3571, 0.0697, 1830, 656.5, 655.4, 17.1074, 0.3587, 0.0016
30, 26256, 9376, 0.3571, 0.0701, 1840, 652.5, 653.5, 19.8802, 0.3546, 0.0025
30, 26256, 9376, 0.3571, 0.0705, 1850, 668.0, 661, 23.977, 0.3611, 0.004
30, 26256, 9376, 0.3571, 0.0708, 1860, 664.0, 663.8, 22.8358, 0.357, 0.0001
30, 26256, 9376, 0.3571, 0.0712, 1870, 670.5, 669.3333, 19.8013, 0.3586, 0.0015
30, 26256, 9376, 0.3571, 0.0716, 1880, 671.0, 671.0333, 14.97, 0.3569, 0.0002
30, 26256, 9376, 0.3571, 0.072, 1890, 676.0, 675.0667, 21.7524, 0.3577, 0.0006
30, 26256, 9376, 0.3571, 0.0724, 1900, 683.0, 678.9, 16.5641, 0.3595, 0.0024
30, 26256, 9376, 0.3571, 0.0727, 1910, 680.0, 679.3333, 19.9315, 0.356, 0.0011
30, 26256, 9376, 0.3571, 0.0731, 1920, 679.5, 681.7333, 18.6324, 0.3539, 0.0032
30, 26256, 9376, 0.3571, 0.0735, 1930, 690.5, 689.3333, 17.1551, 0.3578, 0.0007
30, 26256, 9376, 0.3571, 0.0739, 1940, 689.0, 688.4, 22.1898, 0.3552, 0.0019
30, 26256, 9376, 0.3571, 0.0743, 1950, 702.5, 703.3, 16.5011, 0.3603, 0.0032
30, 26256, 9376, 0.3571, 0.0746, 1960, 697.0, 694.8333, 20.3624, 0.3556, 0.0015
30, 26256, 9376, 0.3571, 0.075, 1970, 708.0, 703.7333, 19.185, 0.3594, 0.0023
30, 26256, 9376, 0.3571, 0.0754, 1980, 715.5, 710.0333, 18.9764, 0.3614, 0.0043
30, 26256, 9376, 0.3571, 0.0758, 1990, 714.5, 711.8667, 16.8906, 0.359, 0.0019
30, 26256, 9376, 0.3571, 0.0762, 2000, 714.5, 710.3, 21.2053, 0.3573, 0.0002
30, 26256, 9376, 0.3571, 0.0766, 2010, 722.5, 720.3333, 20.4894, 0.3595, 0.0024
30, 26256, 9376, 0.3571, 0.0769, 2020, 721.0, 722, 19.506, 0.3569, 0.0002
30, 26256, 9376, 0.3571, 0.0773, 2030, 724.5, 721.5, 17.8011, 0.3569, 0.0002
30, 26256, 9376, 0.3571, 0.0777, 2040, 721.0, 724, 16.6361, 0.3534, 0.0037
30, 26256, 9376, 0.3571, 0.0781, 2050, 730.0, 731.2667, 23.7195, 0.3561, 0.001
30, 26256, 9376, 0.3571, 0.0785, 2060, 731.5, 734.4, 20.2903, 0.3551, 0.002
30, 26256, 9376, 0.3571, 0.0788, 2070, 743.5, 742.8, 19.9852, 0.3592, 0.0021
30, 26256, 9376, 0.3571, 0.0792, 2080, 734.5, 737.5333, 16.6148, 0.3531, 0.004
30, 26256, 9376, 0.3571, 0.0796, 2090, 746.0, 744.5333, 23.0692, 0.3569, 0.0002
30, 26256, 9376, 0.3571, 0.08, 2100, 751.5, 753.1667, 20.7016, 0.3579, 0.0008
30, 26256, 9376, 0.3571, 0.0804, 2110, 745.5, 749.7333, 23.452, 0.3533, 0.0038
30, 26256, 9376, 0.3571, 0.0807, 2120, 759.0, 757.2667, 20.7961, 0.358, 0.0009
30, 26256, 9376, 0.3571, 0.0811, 2130, 760.0, 758.1, 16.5245, 0.3568, 0.0003
30, 26256, 9376, 0.3571, 0.0815, 2140, 768.5, 768.1, 18.9616, 0.3591, 0.002
30, 26256, 9376, 0.3571, 0.0819, 2150, 771.0, 770.2667, 21.2537, 0.3586, 0.0015
30, 26256, 9376, 0.3571, 0.0823, 2160, 766.5, 765.9, 23.4349, 0.3549, 0.0022
30, 26256, 9376, 0.3571, 0.0826, 2170, 777.0, 777.1, 19.2324, 0.3581, 0.001
30, 26256, 9376, 0.3571, 0.083, 2180, 772.5, 774.9, 18.121, 0.3544, 0.0027
30, 26256, 9376, 0.3571, 0.0834, 2190, 779.5, 782.2667, 23.4152, 0.3559, 0.0012
30, 26256, 9376, 0.3571, 0.0838, 2200, 782.0, 781.4, 21.3922, 0.3555, 0.0016
30, 26256, 9376, 0.3571, 0.0842, 2210, 790.5, 786.9333, 19.7658, 0.3577, 0.0006
30, 26256, 9376, 0.3571, 0.0846, 2220, 795.0, 793.4333, 26.6428, 0.3581, 0.001
30, 26256, 9376, 0.3571, 0.0849, 2230, 795.5, 794.5333, 23.5997, 0.3567, 0.0004
30, 26256, 9376, 0.3571, 0.0853, 2240, 800.5, 797.5, 21.2745, 0.3574, 0.0003
30, 26256, 9376, 0.3571, 0.0857, 2250, 805.5, 802, 19.4192, 0.358, 0.0009
30, 26256, 9376, 0.3571, 0.0861, 2260, 802.5, 804.5667, 25.9518, 0.3551, 0.002
30, 26256, 9376, 0.3571, 0.0865, 2270, 807.0, 805.2, 25.6467, 0.3555, 0.0016
30, 26256, 9376, 0.3571, 0.0868, 2280, 808.0, 813.2333, 18.9513, 0.3544, 0.0027
30, 26256, 9376, 0.3571, 0.0872, 2290, 824.5, 823.7333, 21.7508, 0.36, 0.0029
30, 26256, 9376, 0.3571, 0.0876, 2300, 827.0, 827.3333, 19.3432, 0.3596, 0.0025
30, 26256, 9376, 0.3571, 0.088, 2310, 819.5, 818.7333, 18.5006, 0.3548, 0.0023
30, 26256, 9376, 0.3571, 0.0884, 2320, 824.5, 826.7667, 21.7679, 0.3554, 0.0017
30, 26256, 9376, 0.3571, 0.0887, 2330, 828.5, 830.4, 18.9566, 0.3556, 0.0015
30, 26256, 9376, 0.3571, 0.0891, 2340, 827.0, 828.4333, 23.4575, 0.3534, 0.0037
30, 26256, 9376, 0.3571, 0.0895, 2350, 835.5, 836.3333, 21.0407, 0.3555, 0.0016
30, 26256, 9376, 0.3571, 0.0899, 2360, 837.5, 839.3667, 19.8416, 0.3549, 0.0022
30, 26256, 9376, 0.3571, 0.0903, 2370, 842.0, 845.8333, 24.1576, 0.3553, 0.0018
30, 26256, 9376, 0.3571, 0.0906, 2380, 859.0, 855.5333, 20.867, 0.3609, 0.0038
30, 26256, 9376, 0.3571, 0.091, 2390, 849.5, 846.5667, 26.6532, 0.3554, 0.0017
30, 26256, 9376, 0.3571, 0.0914, 2400, 856.5, 861.3, 21.0208, 0.3569, 0.0002
30, 26256, 9376, 0.3571, 0.0918, 2410, 865.5, 865.4, 25.6214, 0.3591, 0.002
30, 26256, 9376, 0.3571, 0.0922, 2420, 869.0, 873.6, 22.9731, 0.3591, 0.002
30, 26256, 9376, 0.3571, 0.0926, 2430, 864.0, 867.6333, 18.3256, 0.3556, 0.0015
30, 26256, 9376, 0.3571, 0.0929, 2440, 867.5, 865.8, 20.6671, 0.3555, 0.0016
30, 26256, 9376, 0.3571, 0.0933, 2450, 869.5, 871.9333, 21.4395, 0.3549, 0.0022
30, 26256, 9376, 0.3571, 0.0937, 2460, 873.5, 872.5667, 22.269, 0.3551, 0.002
30, 26256, 9376, 0.3571, 0.0941, 2470, 879.0, 878.1667, 22.133, 0.3559, 0.0012
30, 26256, 9376, 0.3571, 0.0945, 2480, 886.5, 886.8, 22.7435, 0.3575, 0.0004
30, 26256, 9376, 0.3571, 0.0948, 2490, 892.0, 888.9, 21.5828, 0.3582, 0.0011
30, 26256, 9376, 0.3571, 0.0952, 2500, 892.0, 895.7, 23.3152, 0.3568, 0.0003
30, 26256, 9376, 0.3571, 0.0956, 2510, 894.0, 894.4333, 18.2713, 0.3562, 0.0009
30, 26256, 9376, 0.3571, 0.096, 2520, 897.0, 894.6, 27.8637, 0.356, 0.0011
30, 26256, 9376, 0.3571, 0.0964, 2530, 898.0, 903.2, 24.0952, 0.3549, 0.0022
30, 26256, 9376, 0.3571, 0.0967, 2540, 907.0, 903.9667, 23.5262, 0.3571, 0.0
30, 26256, 9376, 0.3571, 0.0971, 2550, 920.0, 919.3333, 24.5685, 0.3608, 0.0037
30, 26256, 9376, 0.3571, 0.0975, 2560, 919.5, 920.1333, 20.6025, 0.3592, 0.0021
30, 26256, 9376, 0.3571, 0.0979, 2570, 915.5, 915.5667, 23.7264, 0.3562, 0.0009
30, 26256, 9376, 0.3571, 0.0983, 2580, 927.0, 923.1, 22.748, 0.3593, 0.0022
30, 26256, 9376, 0.3571, 0.0986, 2590, 929.0, 925.9667, 31.9887, 0.3587, 0.0016
30, 26256, 9376, 0.3571, 0.099, 2600, 926.0, 925.2, 27.7307, 0.3562, 0.0009
30, 26256, 9376, 0.3571, 0.0994, 2610, 936.5, 934.3667, 24.5757, 0.3588, 0.0017
30, 26256, 9376, 0.3571, 0.0998, 2620, 942.5, 944.0333, 23.1077, 0.3597, 0.0026
30, 26256, 9376, 0.3571, 0.1002, 2630, 947.5, 948.1333, 16.7553, 0.3603, 0.0032
30, 26256, 9376, 0.3571, 0.1005, 2640, 946.5, 948.6333, 18.7515, 0.3585, 0.0014
30, 26256, 9376, 0.3571, 0.1009, 2650, 947.5, 944.8, 20.6955, 0.3575, 0.0004
30, 26256, 9376, 0.3571, 0.1013, 2660, 943.0, 943.3667, 16.8349, 0.3545, 0.0026
30, 26256, 9376, 0.3571, 0.1017, 2670, 962.0, 965.3333, 20.3492, 0.3603, 0.0032
30, 26256, 9376, 0.3571, 0.1021, 2680, 948.5, 952.5333, 28.0341, 0.3539, 0.0032
30, 26256, 9376, 0.3571, 0.1025, 2690, 962.5, 960.9333, 28.1314, 0.3578, 0.0007
30, 26256, 9376, 0.3571, 0.1028, 2700, 956.5, 957.3333, 17.8564, 0.3543, 0.0028
30, 26256, 9376, 0.3571, 0.1032, 2710, 974.0, 973.4667, 23.5836, 0.3594, 0.0023
30, 26256, 9376, 0.3571, 0.1036, 2720, 973.0, 973.3667, 21.6452, 0.3577, 0.0006
30, 26256, 9376, 0.3571, 0.104, 2730, 968.5, 973.5, 27.0348, 0.3548, 0.0023
30, 26256, 9376, 0.3571, 0.1044, 2740, 974.5, 973.4667, 21.9179, 0.3557, 0.0014
30, 26256, 9376, 0.3571, 0.1047, 2750, 984.0, 980.3333, 27.2603, 0.3578, 0.0007
30, 26256, 9376, 0.3571, 0.1051, 2760, 990.0, 991.4667, 31.0847, 0.3587, 0.0016
30, 26256, 9376, 0.3571, 0.1055, 2770, 984.5, 990.0667, 24.7539, 0.3554, 0.0017
30, 26256, 9376, 0.3571, 0.1059, 2780, 987.0, 992.1333, 22.388, 0.355, 0.0021
30, 26256, 9376, 0.3571, 0.1063, 2790, 1003.5, 1007.4333, 23.5162, 0.3597, 0.0026
30, 26256, 9376, 0.3571, 0.1066, 2800, 1007.0, 1001.3667, 22.2563, 0.3596, 0.0025
30, 26256, 9376, 0.3571, 0.107, 2810, 1006.5, 1008.7, 20.8743, 0.3582, 0.0011
30, 26256, 9376, 0.3571, 0.1074, 2820, 1004.5, 1006.6667, 21.7863, 0.3562, 0.0009
30, 26256, 9376, 0.3571, 0.1078, 2830, 1014.0, 1012.8, 26.3876, 0.3583, 0.0012
30, 26256, 9376, 0.3571, 0.1082, 2840, 1027.5, 1023, 25.0971, 0.3618, 0.0047
30, 26256, 9376, 0.3571, 0.1085, 2850, 1012.5, 1012.3667, 27.8932, 0.3553, 0.0018
30, 26256, 9376, 0.3571, 0.1089, 2860, 1017.0, 1022.1, 24.3245, 0.3556, 0.0015
30, 26256, 9376, 0.3571, 0.1093, 2870, 1031.0, 1024.8, 29.0522, 0.3592, 0.0021
30, 26256, 9376, 0.3571, 0.1097, 2880, 1025.0, 1025.5667, 21.0495, 0.3559, 0.0012
30, 26256, 9376, 0.3571, 0.1101, 2890, 1039.5, 1033.7, 24.2077, 0.3597, 0.0026
30, 26256, 9376, 0.3571, 0.1105, 2900, 1032.0, 1034.3, 23.2811, 0.3559, 0.0012
30, 26256, 9376, 0.3571, 0.1108, 2910, 1033.0, 1035.8, 25.2606, 0.355, 0.0021
30, 26256, 9376, 0.3571, 0.1112, 2920, 1042.0, 1039.3333, 27.5184, 0.3568, 0.0003
30, 26256, 9376, 0.3571, 0.1116, 2930, 1042.5, 1048.5667, 25.2719, 0.3558, 0.0013
30, 26256, 9376, 0.3571, 0.112, 2940, 1051.0, 1052.3, 18.5884, 0.3575, 0.0004
30, 26256, 9376, 0.3571, 0.1124, 2950, 1051.5, 1055.7333, 26.4327, 0.3564, 0.0007
30, 26256, 9376, 0.3571, 0.1127, 2960, 1050.0, 1052.4667, 33.8737, 0.3547, 0.0024
30, 26256, 9376, 0.3571, 0.1131, 2970, 1063.0, 1058.8667, 22.7971, 0.3579, 0.0008
30, 26256, 9376, 0.3571, 0.1135, 2980, 1060.5, 1055.6, 27.6338, 0.3559, 0.0012
30, 26256, 9376, 0.3571, 0.1139, 2990, 1066.5, 1068.6333, 30.8304, 0.3567, 0.0004
30, 26256, 9376, 0.3571, 0.1143, 3000, 1069.5, 1069, 23.8139, 0.3565, 0.0006
30, 26256, 9376, 0.3571, 0.1146, 3010, 1082.0, 1080.9333, 18.2037, 0.3595, 0.0024
30, 26256, 9376, 0.3571, 0.115, 3020, 1070.0, 1072.9667, 17.8547, 0.3543, 0.0028
30, 26256, 9376, 0.3571, 0.1154, 3030, 1087.5, 1090.1333, 23.7672, 0.3589, 0.0018
30, 26256, 9376, 0.3571, 0.1158, 3040, 1075.5, 1080.4667, 28.5569, 0.3538, 0.0033
30, 26256, 9376, 0.3571, 0.1162, 3050, 1085.0, 1090.2, 26.8526, 0.3557, 0.0014
30, 26256, 9376, 0.3571, 0.1165, 3060, 1088.0, 1088.8667, 26.1029, 0.3556, 0.0015
30, 26256, 9376, 0.3571, 0.1169, 3070, 1094.0, 1099.2333, 19.0764, 0.3564, 0.0007
30, 26256, 9376, 0.3571, 0.1173, 3080, 1099.5, 1099.0333, 26.8052, 0.357, 0.0001
30, 26256, 9376, 0.3571, 0.1177, 3090, 1112.5, 1107.4333, 26.0102, 0.36, 0.0029
30, 26256, 9376, 0.3571, 0.1181, 3100, 1117.0, 1115.3667, 34.12, 0.3603, 0.0032
30, 26256, 9376, 0.3571, 0.1184, 3110, 1105.0, 1109.2333, 24.0024, 0.3553, 0.0018
30, 26256, 9376, 0.3571, 0.1188, 3120, 1105.0, 1104.4, 23.1853, 0.3542, 0.0029
30, 26256, 9376, 0.3571, 0.1192, 3130, 1122.0, 1123.2333, 29.8741, 0.3585, 0.0014
30, 26256, 9376, 0.3571, 0.1196, 3140, 1117.0, 1120.1333, 28.6064, 0.3557, 0.0014
30, 26256, 9376, 0.3571, 0.12, 3150, 1122.0, 1122.4333, 21.2484, 0.3562, 0.0009
30, 26256, 9376, 0.3571, 0.1204, 3160, 1135.0, 1131.9333, 26.2651, 0.3592, 0.0021
30, 26256, 9376, 0.3571, 0.1207, 3170, 1129.5, 1131.9333, 19.3443, 0.3563, 0.0008
30, 26256, 9376, 0.3571, 0.1211, 3180, 1136.5, 1132.9333, 24.0444, 0.3574, 0.0003
30, 26256, 9376, 0.3571, 0.1215, 3190, 1130.0, 1129.7667, 29.1568, 0.3542, 0.0029
30, 26256, 9376, 0.3571, 0.1219, 3200, 1144.5, 1142.7333, 23.2512, 0.3577, 0.0006
30, 26256, 9376, 0.3571, 0.1223, 3210, 1152.5, 1149.5, 26.7527, 0.359, 0.0019
30, 26256, 9376, 0.3571, 0.1226, 3220, 1158.5, 1153.3333, 22.8282, 0.3598, 0.0027
30, 26256, 9376, 0.3571, 0.123, 3230, 1158.5, 1157.5333, 25.1557, 0.3587, 0.0016
30, 26256, 9376, 0.3571, 0.1234, 3240, 1162.5, 1159.8, 27.5561, 0.3588, 0.0017
30, 26256, 9376, 0.3571, 0.1238, 3250, 1165.5, 1160.9, 24.374, 0.3586, 0.0015
30, 26256, 9376, 0.3571, 0.1242, 3260, 1170.0, 1169.2, 24.899, 0.3589, 0.0018
30, 26256, 9376, 0.3571, 0.1245, 3270, 1159.0, 1162.7667, 24.9063, 0.3544, 0.0027
30, 26256, 9376, 0.3571, 0.1249, 3280, 1176.0, 1174.1667, 23.2573, 0.3585, 0.0014
30, 26256, 9376, 0.3571, 0.1253, 3290, 1173.0, 1174.3333, 31.982, 0.3565, 0.0006
30, 26256, 9376, 0.3571, 0.1257, 3300, 1180.5, 1184.4667, 23.9406, 0.3577, 0.0006
30, 26256, 9376, 0.3571, 0.1261, 3310, 1180.0, 1182.8333, 25.8111, 0.3565, 0.0006
30, 26256, 9376, 0.3571, 0.1264, 3320, 1184.0, 1187.4667, 27.8267, 0.3566, 0.0005
30, 26256, 9376, 0.3571, 0.1268, 3330, 1188.0, 1194.8, 25.7286, 0.3568, 0.0003
30, 26256, 9376, 0.3571, 0.1272, 3340, 1198.5, 1194.5667, 29.5386, 0.3588, 0.0017
30, 26256, 9376, 0.3571, 0.1276, 3350, 1188.0, 1187.4667, 19.5232, 0.3546, 0.0025
30, 26256, 9376, 0.3571, 0.128, 3360, 1196.0, 1197.9, 24.2293, 0.356, 0.0011
30, 26256, 9376, 0.3571, 0.1284, 3370, 1197.5, 1198.3333, 25.0136, 0.3553, 0.0018
30, 26256, 9376, 0.3571, 0.1287, 3380, 1218.5, 1216.3667, 20.4205, 0.3605, 0.0034
30, 26256, 9376, 0.3571, 0.1291, 3390, 1210.5, 1205.3, 26.1905, 0.3571, 0.0
30, 26256, 9376, 0.3571, 0.1295, 3400, 1206.0, 1207.5333, 22.1915, 0.3547, 0.0024
30, 26256, 9376, 0.3571, 0.1299, 3410, 1215.0, 1217.4667, 26.4441, 0.3563, 0.0008
30, 26256, 9376, 0.3571, 0.1303, 3420, 1210.0, 1215.5667, 27.0181, 0.3538, 0.0033
30, 26256, 9376, 0.3571, 0.1306, 3430, 1221.0, 1219.3333, 28.0189, 0.356, 0.0011
30, 26256, 9376, 0.3571, 0.131, 3440, 1226.5, 1229.5, 32.3161, 0.3565, 0.0006
30, 26256, 9376, 0.3571, 0.1314, 3450, 1230.5, 1229.3667, 28.6218, 0.3567, 0.0004
30, 26256, 9376, 0.3571, 0.1318, 3460, 1234.5, 1233.8, 24.7336, 0.3568, 0.0003
30, 26256, 9376, 0.3571, 0.1322, 3470, 1237.5, 1235.2, 22.7754, 0.3566, 0.0005
30, 26256, 9376, 0.3571, 0.1325, 3480, 1255.0, 1240.4, 29.5735, 0.3606, 0.0035
30, 26256, 9376, 0.3571, 0.1329, 3490, 1248.5, 1250.7667, 25.1474, 0.3577, 0.0006
30, 26256, 9376, 0.3571, 0.1333, 3500, 1247.0, 1249.5, 20.5372, 0.3563, 0.0008
30, 26256, 9376, 0.3571, 0.1337, 3510, 1253.0, 1254.0667, 23.3754, 0.357, 0.0001
30, 26256, 9376, 0.3571, 0.1341, 3520, 1259.5, 1257.5, 25.7732, 0.3578, 0.0007
30, 26256, 9376, 0.3571, 0.1344, 3530, 1263.5, 1263.8333, 23.8025, 0.3579, 0.0008
30, 26256, 9376, 0.3571, 0.1348, 3540, 1267.0, 1269.2333, 28.6208, 0.3579, 0.0008
30, 26256, 9376, 0.3571, 0.1352, 3550, 1271.0, 1272.9667, 24.0366, 0.358, 0.0009
30, 26256, 9376, 0.3571, 0.1356, 3560, 1269.5, 1267.2333, 28.7794, 0.3566, 0.0005
30, 26256, 9376, 0.3571, 0.136, 3570, 1274.0, 1272.2333, 24.244, 0.3569, 0.0002
30, 26256, 9376, 0.3571, 0.1363, 3580, 1291.5, 1289.1, 22.2623, 0.3608, 0.0037
30, 26256, 9376, 0.3571, 0.1367, 3590, 1280.0, 1283.6, 33.0607, 0.3565, 0.0006
30, 26256, 9376, 0.3571, 0.1371, 3600, 1288.0, 1292.2667, 27.8146, 0.3578, 0.0007
30, 26256, 9376, 0.3571, 0.1375, 3610, 1288.0, 1286.9667, 23.015, 0.3568, 0.0003
30, 26256, 9376, 0.3571, 0.1379, 3620, 1288.5, 1288, 32.1366, 0.3559, 0.0012
30, 26256, 9376, 0.3571, 0.1383, 3630, 1293.0, 1294.1667, 23.7314, 0.3562, 0.0009
30, 26256, 9376, 0.3571, 0.1386, 3640, 1298.5, 1296.9333, 25.0323, 0.3567, 0.0004
30, 26256, 9376, 0.3571, 0.139, 3650, 1309.0, 1305.9333, 28.1007, 0.3586, 0.0015
30, 26256, 9376, 0.3571, 0.1394, 3660, 1303.5, 1303.7667, 27.1429, 0.3561, 0.001
30, 26256, 9376, 0.3571, 0.1398, 3670, 1318.5, 1314.7667, 26.2096, 0.3593, 0.0022
30, 26256, 9376, 0.3571, 0.1402, 3680, 1312.5, 1308.4333, 26.976, 0.3567, 0.0004
30, 26256, 9376, 0.3571, 0.1405, 3690, 1315.0, 1314.3333, 22.1692, 0.3564, 0.0007
30, 26256, 9376, 0.3571, 0.1409, 3700, 1301.0, 1306.8, 31.6799, 0.3516, 0.0055
30, 26256, 9376, 0.3571, 0.1413, 3710, 1327.0, 1327.9667, 28.635, 0.3577, 0.0006
30, 26256, 9376, 0.3571, 0.1417, 3720, 1330.5, 1331.4333, 26.7925, 0.3577, 0.0006
30, 26256, 9376, 0.3571, 0.1421, 3730, 1333.5, 1329.7667, 29.2701, 0.3575, 0.0004
30, 26256, 9376, 0.3571, 0.1424, 3740, 1340.0, 1341.2333, 33.8064, 0.3583, 0.0012
30, 26256, 9376, 0.3571, 0.1428, 3750, 1334.5, 1337, 27.3849, 0.3559, 0.0012
30, 26256, 9376, 0.3571, 0.1432, 3760, 1346.5, 1343.1, 29.5651, 0.3581, 0.001
30, 26256, 9376, 0.3571, 0.1436, 3770, 1344.0, 1347.7333, 26.9878, 0.3565, 0.0006
30, 26256, 9376, 0.3571, 0.144, 3780, 1360.5, 1357.7667, 27.0385, 0.3599, 0.0028
30, 26256, 9376, 0.3571, 0.1443, 3790, 1362.5, 1358.9667, 25.1663, 0.3595, 0.0024
30, 26256, 9376, 0.3571, 0.1447, 3800, 1362.0, 1362.4667, 28.0231, 0.3584, 0.0013
30, 26256, 9376, 0.3571, 0.1451, 3810, 1357.0, 1357.9667, 21.8813, 0.3562, 0.0009
30, 26256, 9376, 0.3571, 0.1455, 3820, 1358.0, 1361.1333, 27.6465, 0.3555, 0.0016
30, 26256, 9376, 0.3571, 0.1459, 3830, 1362.0, 1363.0333, 26.5375, 0.3556, 0.0015
30, 26256, 9376, 0.3571, 0.1463, 3840, 1372.0, 1375.5, 25.3877, 0.3573, 0.0002
30, 26256, 9376, 0.3571, 0.1466, 3850, 1369.5, 1371.0333, 29.166, 0.3557, 0.0014
30, 26256, 9376, 0.3571, 0.147, 3860, 1378.5, 1376.1333, 27.8329, 0.3571, 0.0
30, 26256, 9376, 0.3571, 0.1474, 3870, 1383.0, 1381.1667, 22.0252, 0.3574, 0.0003
30, 26256, 9376, 0.3571, 0.1478, 3880, 1393.0, 1388.9, 21.6928, 0.359, 0.0019
30, 26256, 9376, 0.3571, 0.1482, 3890, 1391.0, 1393.3667, 26.64, 0.3576, 0.0005
30, 26256, 9376, 0.3571, 0.1485, 3900, 1388.0, 1387.0667, 29.7309, 0.3559, 0.0012
30, 26256, 9376, 0.3571, 0.1489, 3910, 1392.0, 1394.8667, 26.8838, 0.356, 0.0011
30, 26256, 9376, 0.3571, 0.1493, 3920, 1402.0, 1403.2667, 27.6467, 0.3577, 0.0006
30, 26256, 9376, 0.3571, 0.1497, 3930, 1398.5, 1405.0667, 29.97, 0.3559, 0.0012
30, 26256, 9376, 0.3571, 0.1501, 3940, 1413.5, 1415.6667, 26.3129, 0.3588, 0.0017
30, 26256, 9376, 0.3571, 0.1504, 3950, 1412.0, 1406.8667, 33.0326, 0.3575, 0.0004
30, 26256, 9376, 0.3571, 0.1508, 3960, 1422.0, 1419.9333, 29.4676, 0.3591, 0.002
30, 26256, 9376, 0.3571, 0.1512, 3970, 1406.0, 1407.8667, 26.6804, 0.3542, 0.0029
30, 26256, 9376, 0.3571, 0.1516, 3980, 1439.5, 1434.6667, 27.0712, 0.3617, 0.0046
30, 26256, 9376, 0.3571, 0.152, 3990, 1438.0, 1437.4667, 24.5353, 0.3604, 0.0033
30, 26256, 9376, 0.3571, 0.1523, 4000, 1437.0, 1428.8, 28.2945, 0.3593, 0.0022
30, 26256, 9376, 0.3571, 0.1527, 4010, 1435.0, 1438.8333, 20.2179, 0.3579, 0.0008
30, 26256, 9376, 0.3571, 0.1531, 4020, 1429.5, 1436.7, 29.8665, 0.3556, 0.0015
30, 26256, 9376, 0.3571, 0.1535, 4030, 1449.5, 1446.9, 24.9266, 0.3597, 0.0026
30, 26256, 9376, 0.3571, 0.1539, 4040, 1441.0, 1444.1667, 32.263, 0.3567, 0.0004
30, 26256, 9376, 0.3571, 0.1543, 4050, 1451.0, 1448.1, 32.2002, 0.3583, 0.0012
30, 26256, 9376, 0.3571, 0.1546, 4060, 1446.5, 1452.7, 26.9676, 0.3563, 0.0008
30, 26256, 9376, 0.3571, 0.155, 4070, 1450.5, 1454.6667, 24.2591, 0.3564, 0.0007
30, 26256, 9376, 0.3571, 0.1554, 4080, 1447.5, 1458.1, 24.5867, 0.3548, 0.0023
30, 26256, 9376, 0.3571, 0.1558, 4090, 1454.5, 1458.1333, 29.541, 0.3556, 0.0015
30, 26256, 9376, 0.3571, 0.1562, 4100, 1454.0, 1461.4, 34.0543, 0.3546, 0.0025
30, 26256, 9376, 0.3571, 0.1565, 4110, 1462.5, 1466, 31.327, 0.3558, 0.0013
30, 26256, 9376, 0.3571, 0.1569, 4120, 1473.0, 1476.4667, 26.5664, 0.3575, 0.0004
30, 26256, 9376, 0.3571, 0.1573, 4130, 1463.5, 1460.3, 30.6123, 0.3544, 0.0027
30, 26256, 9376, 0.3571, 0.1577, 4140, 1486.0, 1483.6, 26.9272, 0.3589, 0.0018
30, 26256, 9376, 0.3571, 0.1581, 4150, 1478.5, 1480.4667, 22.8318, 0.3563, 0.0008
30, 26256, 9376, 0.3571, 0.1584, 4160, 1486.0, 1489.1333, 30.9602, 0.3572, 0.0001
30, 26256, 9376, 0.3571, 0.1588, 4170, 1504.0, 1503.7, 25.3964, 0.3607, 0.0036
30, 26256, 9376, 0.3571, 0.1592, 4180, 1492.0, 1495.8, 24.6218, 0.3569, 0.0002
30, 26256, 9376, 0.3571, 0.1596, 4190, 1499.5, 1500.5333, 28.0206, 0.3579, 0.0008
30, 26256, 9376, 0.3571, 0.16, 4200, 1504.0, 1497.2667, 29.6612, 0.3581, 0.001
30, 26256, 9376, 0.3571, 0.1603, 4210, 1497.5, 1496.2, 31.9368, 0.3557, 0.0014
30, 26256, 9376, 0.3571, 0.1607, 4220, 1488.0, 1495.3, 30.2782, 0.3526, 0.0045
30, 26256, 9376, 0.3571, 0.1611, 4230, 1507.5, 1509.0333, 27.8227, 0.3564, 0.0007
30, 26256, 9376, 0.3571, 0.1615, 4240, 1513.0, 1517.8667, 25.404, 0.3568, 0.0003
30, 26256, 9376, 0.3571, 0.1619, 4250, 1519.0, 1521.0667, 22.4483, 0.3574, 0.0003
30, 26256, 9376, 0.3571, 0.1622, 4260, 1522.5, 1524.4, 24.5112, 0.3574, 0.0003
30, 26256, 9376, 0.3571, 0.1626, 4270, 1522.0, 1522.1333, 25.0141, 0.3564, 0.0007
30, 26256, 9376, 0.3571, 0.163, 4280, 1516.0, 1521.3, 32.2556, 0.3542, 0.0029
30, 26256, 9376, 0.3571, 0.1634, 4290, 1525.5, 1534.6, 25.7877, 0.3556, 0.0015
30, 26256, 9376, 0.3571, 0.1638, 4300, 1535.0, 1536.7, 30.0381, 0.357, 0.0001
30, 26256, 9376, 0.3571, 0.1642, 4310, 1534.5, 1535.1, 28.3784, 0.356, 0.0011
30, 26256, 9376, 0.3571, 0.1645, 4320, 1543.5, 1541.3333, 29.4189, 0.3573, 0.0002
30, 26256, 9376, 0.3571, 0.1649, 4330, 1550.5, 1549.4333, 25.4703, 0.3581, 0.001
30, 26256, 9376, 0.3571, 0.1653, 4340, 1553.5, 1551.2667, 30.0768, 0.3579, 0.0008
30, 26256, 9376, 0.3571, 0.1657, 4350, 1558.0, 1560.6667, 28.9105, 0.3582, 0.0011
30, 26256, 9376, 0.3571, 0.1661, 4360, 1558.5, 1557.4667, 28.8859, 0.3575, 0.0004
30, 26256, 9376, 0.3571, 0.1664, 4370, 1558.5, 1556.9667, 28.0326, 0.3566, 0.0005
30, 26256, 9376, 0.3571, 0.1668, 4380, 1567.0, 1563.3, 30.014, 0.3578, 0.0007
30, 26256, 9376, 0.3571, 0.1672, 4390, 1574.0, 1564.2, 31.3934, 0.3585, 0.0014
30, 26256, 9376, 0.3571, 0.1676, 4400, 1562.5, 1571.2333, 28.329, 0.3551, 0.002
30, 26256, 9376, 0.3571, 0.168, 4410, 1572.0, 1574.4, 28.7853, 0.3565, 0.0006
30, 26256, 9376, 0.3571, 0.1683, 4420, 1572.5, 1573.6333, 28.8928, 0.3558, 0.0013
30, 26256, 9376, 0.3571, 0.1687, 4430, 1582.5, 1583.0667, 30.1604, 0.3572, 0.0001
30, 26256, 9376, 0.3571, 0.1691, 4440, 1580.5, 1580.5667, 22.9207, 0.356, 0.0011
30, 26256, 9376, 0.3571, 0.1695, 4450, 1583.5, 1579.9667, 22.839, 0.3558, 0.0013
30, 26256, 9376, 0.3571, 0.1699, 4460, 1599.5, 1596.1333, 26.6455, 0.3586, 0.0015
30, 26256, 9376, 0.3571, 0.1702, 4470, 1603.0, 1605.4333, 30.6377, 0.3586, 0.0015
30, 26256, 9376, 0.3571, 0.1706, 4480, 1594.5, 1598.7667, 30.1292, 0.3559, 0.0012
30, 26256, 9376, 0.3571, 0.171, 4490, 1603.5, 1602.7333, 26.1098, 0.3571, 0.0
30, 26256, 9376, 0.3571, 0.1714, 4500, 1615.0, 1608.9333, 22.5342, 0.3589, 0.0018
30, 26256, 9376, 0.3571, 0.1718, 4510, 1608.5, 1606.8333, 27.7079, 0.3567, 0.0004
30, 26256, 9376, 0.3571, 0.1722, 4520, 1613.0, 1607, 26.0371, 0.3569, 0.0002
30, 26256, 9376, 0.3571, 0.1725, 4530, 1624.5, 1621.1333, 21.6981, 0.3586, 0.0015
30, 26256, 9376, 0.3571, 0.1729, 4540, 1616.5, 1618.6, 33.3886, 0.3561, 0.001
30, 26256, 9376, 0.3571, 0.1733, 4550, 1616.0, 1616, 36.0431, 0.3552, 0.0019
30, 26256, 9376, 0.3571, 0.1737, 4560, 1632.5, 1634.3333, 29.5872, 0.358, 0.0009
30, 26256, 9376, 0.3571, 0.1741, 4570, 1628.5, 1622.6, 32.7726, 0.3563, 0.0008
30, 26256, 9376, 0.3571, 0.1744, 4580, 1641.5, 1633.8667, 37.837, 0.3584, 0.0013
30, 26256, 9376, 0.3571, 0.1748, 4590, 1633.0, 1634.8333, 32.475, 0.3558, 0.0013
30, 26256, 9376, 0.3571, 0.1752, 4600, 1639.0, 1641.5333, 30.958, 0.3563, 0.0008
30, 26256, 9376, 0.3571, 0.1756, 4610, 1655.0, 1653.3667, 32.8922, 0.359, 0.0019
30, 26256, 9376, 0.3571, 0.176, 4620, 1655.0, 1656.2333, 26.1371, 0.3582, 0.0011
30, 26256, 9376, 0.3571, 0.1763, 4630, 1648.0, 1645.8667, 25.408, 0.3559, 0.0012
30, 26256, 9376, 0.3571, 0.1767, 4640, 1657.0, 1661.3, 37.0835, 0.3571, 0.0
30, 26256, 9376, 0.3571, 0.1771, 4650, 1658.0, 1657.1333, 23.8497, 0.3566, 0.0005
30, 26256, 9376, 0.3571, 0.1775, 4660, 1662.5, 1666.7, 33.8487, 0.3568, 0.0003
30, 26256, 9376, 0.3571, 0.1779, 4670, 1659.0, 1662.8, 32.6289, 0.3552, 0.0019
30, 26256, 9376, 0.3571, 0.1782, 4680, 1667.5, 1663.6333, 25.8543, 0.3563, 0.0008
30, 26256, 9376, 0.3571, 0.1786, 4690, 1671.5, 1674.3667, 24.6219, 0.3564, 0.0007
30, 26256, 9376, 0.3571, 0.179, 4700, 1686.5, 1684.7, 31.6622, 0.3588, 0.0017
30, 26256, 9376, 0.3571, 0.1794, 4710, 1688.5, 1683.1, 28.2981, 0.3585, 0.0014
30, 26256, 9376, 0.3571, 0.1798, 4720, 1678.5, 1679.7333, 27.0974, 0.3556, 0.0015
30, 26256, 9376, 0.3571, 0.1801, 4730, 1694.5, 1697.6667, 30.1586, 0.3582, 0.0011
30, 26256, 9376, 0.3571, 0.1805, 4740, 1679.5, 1680.3667, 24.1554, 0.3543, 0.0028
30, 26256, 9376, 0.3571, 0.1809, 4750, 1689.5, 1694.3667, 29.225, 0.3557, 0.0014
30, 26256, 9376, 0.3571, 0.1813, 4760, 1697.5, 1702.2667, 28.2403, 0.3566, 0.0005
30, 26256, 9376, 0.3571, 0.1817, 4770, 1703.5, 1701.5333, 27.2495, 0.3571, 0.0
30, 26256, 9376, 0.3571, 0.1821, 4780, 1708.5, 1707.1667, 26.4537, 0.3574, 0.0003
30, 26256, 9376, 0.3571, 0.1824, 4790, 1703.0, 1701.8333, 30.2519, 0.3555, 0.0016
30, 26256, 9376, 0.3571, 0.1828, 4800, 1714.0, 1719.6, 27.5789, 0.3571, 0.0
30, 26256, 9376, 0.3571, 0.1832, 4810, 1718.0, 1716.6, 27.451, 0.3572, 0.0001
30, 26256, 9376, 0.3571, 0.1836, 4820, 1719.0, 1719.2, 28.7767, 0.3566, 0.0005
30, 26256, 9376, 0.3571, 0.184, 4830, 1734.0, 1736.9667, 36.6046, 0.359, 0.0019
30, 26256, 9376, 0.3571, 0.1843, 4840, 1725.5, 1721.7, 23.7794, 0.3565, 0.0006
30, 26256, 9376, 0.3571, 0.1847, 4850, 1727.5, 1725.3333, 22.3149, 0.3562, 0.0009
30, 26256, 9376, 0.3571, 0.1851, 4860, 1738.5, 1737.3667, 31.2261, 0.3577, 0.0006
30, 26256, 9376, 0.3571, 0.1855, 4870, 1740.0, 1742.5, 27.0959, 0.3573, 0.0002
30, 26256, 9376, 0.3571, 0.1859, 4880, 1749.0, 1750.0667, 32.8853, 0.3584, 0.0013
30, 26256, 9376, 0.3571, 0.1862, 4890, 1746.0, 1744.3333, 28.6673, 0.3571, 0.0
30, 26256, 9376, 0.3571, 0.1866, 4900, 1742.0, 1744.3333, 26.6048, 0.3555, 0.0016
30, 26256, 9376, 0.3571, 0.187, 4910, 1752.5, 1750.6667, 32.8165, 0.3569, 0.0002
30, 26256, 9376, 0.3571, 0.1874, 4920, 1756.5, 1762.5333, 32.4045, 0.357, 0.0001
30, 26256, 9376, 0.3571, 0.1878, 4930, 1763.0, 1764.4, 21.3309, 0.3576, 0.0005
30, 26256, 9376, 0.3571, 0.1881, 4940, 1758.0, 1763.3667, 38.0811, 0.3559, 0.0012
30, 26256, 9376, 0.3571, 0.1885, 4950, 1771.5, 1772.1333, 25.0582, 0.3579, 0.0008
30, 26256, 9376, 0.3571, 0.1889, 4960, 1765.0, 1768.4, 29.3887, 0.3558, 0.0013
30, 26256, 9376, 0.3571, 0.1893, 4970, 1776.0, 1778, 39.0614, 0.3573, 0.0002
30, 26256, 9376, 0.3571, 0.1897, 4980, 1794.0, 1789.6, 36.5594, 0.3602, 0.0031
30, 26256, 9376, 0.3571, 0.1901, 4990, 1796.0, 1786.8667, 29.5842, 0.3599, 0.0028
30, 26256, 9376, 0.3571, 0.1904, 5000, 1785.5, 1786.0667, 27.318, 0.3571, 0.0
